<?xml version="1.0" encoding="UTF-8"?>
<osis xmlns="http://www.bibletechnologies.net/2003/OSIS/namespace" xmlns:xsi="http://www.w3.org/2001/XMLSchema-instance" xsi:schemaLocation="http://www.bibletechnologies.net/2003/OSIS/namespace http://www.bibletechnologies.net/osisCore.2.1.1.xsd">
  <osisText xml:lang="he" osisIDWork="OSHB" osisRefWork="Bible">
    <header>
      <revisionDesc resp="dt">
        <date>2018.1.5</date>
        <p>Release of full morphology</p>
      </revisionDesc>
      <revisionDesc resp="dt">
        <date>2016.03.03</date>
        <p>Updated to WLC version 4.20.</p>
      </revisionDesc>
      <revisionDesc resp="dt">
        <date>2013.12.11</date>
        <p>First release of morphology on selected portions.</p>
      </revisionDesc>
      <revisionDesc resp="dt">
        <date>2013.07.10</date>
        <p>Updated to WLC version 4.18.</p>
      </revisionDesc>
      <revisionDesc resp="dt">
        <date>2012.07.18</date>
        <p>Updated to WLC version 4.16.</p>
      </revisionDesc>
      <revisionDesc resp="dt">
        <date>2011.01.21</date>
        <p>Updated to WLC version 4.14.</p>
      </revisionDesc>
      <revisionDesc resp="dt">
        <date>2008.08.08</date>
        <p>Convert the Westminster Leningrad Codex files from TEI markup to OSIS book files.</p>
      </revisionDesc>
      <work osisWork="OSHB" xml:lang="he">
        <title>Open Scriptures Hebrew Bible</title>
        <contributor role="edt">Daniel Owens</contributor>
        <contributor role="edt">David Troidl</contributor>
        <date>2007.9.16</date>
        <identifier type="URL">https://github.com/openscriptures/morphhb</identifier>
        <rights type="x-BY">Creative Commons Attribution 4.0</rights>
        <refSystem>Bible.MT</refSystem>
      </work>
      <work osisWork="WLC" xml:lang="he">
        <title>Westminster Leningrad Codex</title>
        <contributor role="edt">Christopher V. Kimball</contributor>
        <date>2007.9.16</date>
        <identifier type="URL">http://www.tanach.us/Tanach.xml</identifier>
        <rights>Public Domain</rights>
        <refSystem>Bible.MT</refSystem>
      </work>
      <work osisWork="BHS" xml:lang="he">
        <title>BHS unaccented with Strongs</title>
        <contributor role="edt">Joseph Planeta</contributor>
        <contributor role="edt">Rev. Graham Nind</contributor>
        <description>Unaccented Biblia Hebraica Stuttgartensia Hebrew with Strong's numbers by Rev. Graham.</description>
        <identifier type="URL">http://www.faithofgod.net/</identifier>
        <identifier type="URL">http://www.grahamnind.dsl.pipex.com/files</identifier>
        <rights>Public Domain</rights>
      </work>
      <work osisWork="Strong" xml:lang="en">
        <title>A Concise Dictionary of the Words in the Hebrew Bible</title>
        <title type="sub">with their Renderings in the King James Version</title>
        <contributor role="edt">David Troidl</contributor>
        <contributor role="edt">David Instone-Brewer</contributor>
        <creator role="edt">James Strong, LL.D., S.T.D.</creator>
        <date>1894</date>
        <description resp="dib">The data came from several PD sources which were full of errors. I cleaned them by comparing them to each other and (where necessary) looking at the original.</description>
        <publisher>Hunt &amp; Eaton</publisher>
        <identifier type="URL">www.2LetterLookup.com</identifier>
        <source>The exhaustive concordance of the Bible:</source>
        <rights>Public Domain</rights>
        <refSystem>Dict.Strongs</refSystem>
      </work>
      <work osisWork="OSHM" xml:lang="en">
        <title>Open Scriptures Hebrew Morphology</title>
        <contributor role="ctb">Chapel Presson</contributor>
        <contributor role="ctb">Daniel Owens</contributor>
        <contributor role="ctb">David Troidl</contributor>
        <contributor role="ctb">Jesse Griffin</contributor>
        <contributor role="ctb">Andy Hubert</contributor>
        <contributor role="ctb">Angela Westmoreland</contributor>
        <contributor role="ctb">Grant Ailie</contributor>
        <contributor role="ctb">Joel Ruark</contributor>
        <contributor role="ctb">Kenny Hilliard</contributor>
        <contributor role="ctb">Luong Hao Tran</contributor>
        <contributor role="ctb">Nathan Wilson</contributor>
        <contributor role="ctb">Ryan Davis</contributor>
        <contributor role="ctb">Aaron Laws</contributor>
        <contributor role="ctb">Adam Nagelvoort</contributor>
        <contributor role="ctb">Adriel Ickler</contributor>
        <contributor role="ctb">Agus Santoso</contributor>
        <contributor role="ctb">Andy Hophd</contributor>
        <contributor role="ctb">Angelo Salais</contributor>
        <contributor role="ctb">Annie Jeong</contributor>
        <contributor role="ctb">Ariel Tidre Ferreira</contributor>
        <contributor role="ctb">Artsiom Vorsa</contributor>
        <contributor role="ctb">artyom vorsa</contributor>
        <contributor role="ctb">Ashley Whitlatch</contributor>
        <contributor role="ctb">Austen Dutton</contributor>
        <contributor role="ctb">Barry Smith</contributor>
        <contributor role="ctb">Ben Dwyer</contributor>
        <contributor role="ctb">Ben Wulpi</contributor>
        <contributor role="ctb">Benjamin Epstein</contributor>
        <contributor role="ctb">Bill Chaffin</contributor>
        <contributor role="ctb">Braxton Bogard</contributor>
        <contributor role="ctb">Bret Stewart</contributor>
        <contributor role="ctb">Bruce Taylor</contributor>
        <contributor role="ctb">Bryant Huang</contributor>
        <contributor role="ctb">Caleb Maclennan</contributor>
        <contributor role="ctb">chad buel</contributor>
        <contributor role="ctb">Chase Parkey</contributor>
        <contributor role="ctb">Cheryl Riddell</contributor>
        <contributor role="ctb">Chris McKirgan</contributor>
        <contributor role="ctb">Christof  Bucherer</contributor>
        <contributor role="ctb">ciro izzo</contributor>
        <contributor role="ctb">Clemens Gudenus</contributor>
        <contributor role="ctb">Cody Kingham</contributor>
        <contributor role="ctb">Cody Marceau</contributor>
        <contributor role="ctb">Collin Hatcher</contributor>
        <contributor role="ctb">Connie Andrews</contributor>
        <contributor role="ctb">Damien Riegel</contributor>
        <contributor role="ctb">Dan Simmons</contributor>
        <contributor role="ctb">Daniel Bowman</contributor>
        <contributor role="ctb">Danielle Pamela</contributor>
        <contributor role="ctb">Darla Nine</contributor>
        <contributor role="ctb">Darrell Smith</contributor>
        <contributor role="ctb">Dave Jones</contributor>
        <contributor role="ctb">Dave Whitman</contributor>
        <contributor role="ctb">David Carr</contributor>
        <contributor role="ctb">David Cohen</contributor>
        <contributor role="ctb">David Laycock</contributor>
        <contributor role="ctb">David Lewis</contributor>
        <contributor role="ctb">David Roth</contributor>
        <contributor role="ctb">David Uhrik</contributor>
        <contributor role="ctb">Diana Zhang</contributor>
        <contributor role="ctb">Diego Chaves</contributor>
        <contributor role="ctb">Dmitriy Kashelevskiy</contributor>
        <contributor role="ctb">doug hendren</contributor>
        <contributor role="ctb">Eddy Yates</contributor>
        <contributor role="ctb">Edgar Vorsa</contributor>
        <contributor role="ctb">Eduardo Martorano</contributor>
        <contributor role="ctb">Eiichi  Masuda </contributor>
        <contributor role="ctb">Eliezer Abreu</contributor>
        <contributor role="ctb">Eric Wong</contributor>
        <contributor role="ctb">Esther Dang</contributor>
        <contributor role="ctb">Ferenczi Kristof</contributor>
        <contributor role="ctb">Flavio Souza</contributor>
        <contributor role="ctb">Frederick Edelstein</contributor>
        <contributor role="ctb">Gantumur Luvsangombo</contributor>
        <contributor role="ctb">Gary Rickman</contributor>
        <contributor role="ctb">Geert Kok</contributor>
        <contributor role="ctb">Gerald Broadbent</contributor>
        <contributor role="ctb">Gergely Juhasz</contributor>
        <contributor role="ctb">Giancarlos Toro</contributor>
        <contributor role="ctb">Greg Walton</contributor>
        <contributor role="ctb">Hamidreza Hatamikasavand</contributor>
        <contributor role="ctb">Hector Molano</contributor>
        <contributor role="ctb">Hermanus Taute</contributor>
        <contributor role="ctb">hermon chan</contributor>
        <contributor role="ctb">Hyman Robles</contributor>
        <contributor role="ctb">Hyunsoo Yang</contributor>
        <contributor role="ctb">inhyuk lee</contributor>
        <contributor role="ctb">Israel Andrade</contributor>
        <contributor role="ctb">Israel Ruiz</contributor>
        <contributor role="ctb">Jack Weinbender</contributor>
        <contributor role="ctb">JaiHee Kwak</contributor>
        <contributor role="ctb">James Bejon</contributor>
        <contributor role="ctb">James Castell</contributor>
        <contributor role="ctb">James Cuenod</contributor>
        <contributor role="ctb">James Duguid</contributor>
        <contributor role="ctb">Jean veran</contributor>
        <contributor role="ctb">JeanJacques KRIEF</contributor>
        <contributor role="ctb">Jeff Goo</contributor>
        <contributor role="ctb">Jeong Jae Yoo</contributor>
        <contributor role="ctb">Jeremiah Myers</contributor>
        <contributor role="ctb">Jeremy Bullard</contributor>
        <contributor role="ctb">jessica jones</contributor>
        <contributor role="ctb">Jiri Richter</contributor>
        <contributor role="ctb">Joao Luis Fedel Goncalves</contributor>
        <contributor role="ctb">Joel Peeters</contributor>
        <contributor role="ctb">Joel Rubin</contributor>
        <contributor role="ctb">john knightley</contributor>
        <contributor role="ctb">John Mellison</contributor>
        <contributor role="ctb">John Studebaker</contributor>
        <contributor role="ctb">jonatas margiotta</contributor>
        <contributor role="ctb">Jonathan Walsh</contributor>
        <contributor role="ctb">jony clynn</contributor>
        <contributor role="ctb">Jose Martinez</contributor>
        <contributor role="ctb">joseph lee</contributor>
        <contributor role="ctb">Joseph Li</contributor>
        <contributor role="ctb">Joseph MICHEL</contributor>
        <contributor role="ctb">Judy Hendren</contributor>
        <contributor role="ctb">Julia Tang</contributor>
        <contributor role="ctb">Justin So</contributor>
        <contributor role="ctb">Juswaldy Jusman</contributor>
        <contributor role="ctb">Kap Soo LEE</contributor>
        <contributor role="ctb">Kara Bohall</contributor>
        <contributor role="ctb">Karel Jongeling</contributor>
        <contributor role="ctb">Kathy Scott</contributor>
        <contributor role="ctb">Keanan Bovie</contributor>
        <contributor role="ctb">Keith Hanson</contributor>
        <contributor role="ctb">Keith Kresge</contributor>
        <contributor role="ctb">Kevin Andersson</contributor>
        <contributor role="ctb">Kevin Johanson</contributor>
        <contributor role="ctb">Kevin Townsend</contributor>
        <contributor role="ctb">Kiriana Kingston</contributor>
        <contributor role="ctb">Laurentiu Gabriel Ionescu</contributor>
        <contributor role="ctb">LEE Arrington</contributor>
        <contributor role="ctb">Lee Bruckner</contributor>
        <contributor role="ctb">Len Clark</contributor>
        <contributor role="ctb">Leng Xiong</contributor>
        <contributor role="ctb">LENO VICTOR DE SANTANA</contributor>
        <contributor role="ctb">libor neuman</contributor>
        <contributor role="ctb">lisa lisa</contributor>
        <contributor role="ctb">M Cecil Dietz</contributor>
        <contributor role="ctb">Malkalain Greenwell</contributor>
        <contributor role="ctb">Marc Cordova</contributor>
        <contributor role="ctb">Marfeal Santiago</contributor>
        <contributor role="ctb">Marianne Szpilka</contributor>
        <contributor role="ctb">Martin Daly</contributor>
        <contributor role="ctb">Matan Bino</contributor>
        <contributor role="ctb">Matthew Schug</contributor>
        <contributor role="ctb">Max Pilo</contributor>
        <contributor role="ctb">Micahel Leong</contributor>
        <contributor role="ctb">Michael Fenn</contributor>
        <contributor role="ctb">Michael Nicholson</contributor>
        <contributor role="ctb">Miguel SANTOS</contributor>
        <contributor role="ctb">Mike Brown</contributor>
        <contributor role="ctb">mike fenn</contributor>
        <contributor role="ctb">mirlande amazan</contributor>
        <contributor role="ctb">Moongui Ulbrich</contributor>
        <contributor role="ctb">Napoleon Gasilan</contributor>
        <contributor role="ctb">Natashia Roy</contributor>
        <contributor role="ctb">Nathan Bierma</contributor>
        <contributor role="ctb">Nathan Lee</contributor>
        <contributor role="ctb">Nathan Wilson</contributor>
        <contributor role="ctb">Neil Cadman</contributor>
        <contributor role="ctb">Okyob Jeon</contributor>
        <contributor role="ctb">omer omer</contributor>
        <contributor role="ctb">Onur Yos</contributor>
        <contributor role="ctb">Paul Cook</contributor>
        <contributor role="ctb">Pete Myers</contributor>
        <contributor role="ctb">pete Norcross</contributor>
        <contributor role="ctb">Peter Erdodi</contributor>
        <contributor role="ctb">Peter Ho</contributor>
        <contributor role="ctb">peter zimonyi</contributor>
        <contributor role="ctb">Petr Miencil</contributor>
        <contributor role="ctb">Petr Vejmelka</contributor>
        <contributor role="ctb">phyl ma</contributor>
        <contributor role="ctb">ralph zak</contributor>
        <contributor role="ctb">Ramos Simanjuntak</contributor>
        <contributor role="ctb">Rebeca Martinez</contributor>
        <contributor role="ctb">Regina Hong</contributor>
        <contributor role="ctb">Rendhi Vianirio</contributor>
        <contributor role="ctb">Ricardo  Luiz Pinto</contributor>
        <contributor role="ctb">Richard Baker</contributor>
        <contributor role="ctb">Robert Berger</contributor>
        <contributor role="ctb">Robert Holmstedt</contributor>
        <contributor role="ctb">robert saunders</contributor>
        <contributor role="ctb">Roberta Potgieter</contributor>
        <contributor role="ctb">rocket fortyfive</contributor>
        <contributor role="ctb">Rodrigo Castro</contributor>
        <contributor role="ctb">Ross Tenneson</contributor>
        <contributor role="ctb">Ruairidh MacLean</contributor>
        <contributor role="ctb">Ruben Kraiem</contributor>
        <contributor role="ctb">Sebastien GOEURY</contributor>
        <contributor role="ctb">Shane Pimental</contributor>
        <contributor role="ctb">Sharon Hamel</contributor>
        <contributor role="ctb">Shawn Goodwin</contributor>
        <contributor role="ctb">shukai cheung</contributor>
        <contributor role="ctb">Siew GuoFen</contributor>
        <contributor role="ctb">silas army</contributor>
        <contributor role="ctb">Simon Pan</contributor>
        <contributor role="ctb">Sir Robert Burbridge</contributor>
        <contributor role="ctb">Soliman Hanna</contributor>
        <contributor role="ctb">Spyros Karalis</contributor>
        <contributor role="ctb">Stephen Durkee</contributor>
        <contributor role="ctb">Steve Beukema</contributor>
        <contributor role="ctb">SunGyo Kim</contributor>
        <contributor role="ctb">Talia  Smith</contributor>
        <contributor role="ctb">Thien Tran</contributor>
        <contributor role="ctb">Thierry Tchiakpe</contributor>
        <contributor role="ctb">tiago thorlby</contributor>
        <contributor role="ctb">Timothy Keiderling</contributor>
        <contributor role="ctb">timothy yeh</contributor>
        <contributor role="ctb">Todd Patterson</contributor>
        <contributor role="ctb">Toe Set</contributor>
        <contributor role="ctb">Tomas Uher</contributor>
        <contributor role="ctb">Troy Nelson</contributor>
        <contributor role="ctb">uriel arevalo</contributor>
        <contributor role="ctb">Vanda Bayer</contributor>
        <contributor role="ctb">Vladimir Polyanskia</contributor>
        <contributor role="ctb">w s</contributor>
        <contributor role="ctb">Wally Kimball</contributor>
        <contributor role="ctb">walt seevers</contributor>
        <contributor role="ctb">Wattanavadee Jitpakdee</contributor>
        <contributor role="ctb">Wayne Buchanan</contributor>
        <contributor role="ctb">Wellington Machado</contributor>
        <contributor role="ctb">Wendy Kwan</contributor>
        <contributor role="ctb">Wesley Walker</contributor>
        <contributor role="ctb">William Pak</contributor>
        <contributor role="ctb">william stewart</contributor>
        <contributor role="ctb">Xi Li</contributor>
        <contributor role="ctb">yasu shimizu</contributor>
        <contributor role="ctb">Yoo sung  Chang</contributor>
        <contributor role="ctb">zac rigsby</contributor>
        <contributor role="ctb">Zack Vera</contributor>
        <contributor role="ctb">zhishi Lin</contributor>
        <contributor role="ctb">Zsolt Jarai</contributor>
        <creator role="edt">Open Scriptures Hebrew Bible Project</creator>
        <date>2019.1.13</date>
        <identifier type="URL">https://github.com/openscriptures/morphhb</identifier>
        <rights type="x-BY">Creative Commons Attribution 4.0</rights>
        <refSystem>Dict.oshm</refSystem>
      </work>
      <workPrefix path="//w/@lemma" osisWork="Strong"/>
      <workPrefix path="//w/@morph" osisWork="OSHM"/>
    </header>
    <div type="book" osisID="Hag">
      <chapter osisID="Hag.1">
        <verse osisID="Hag.1.1">
          <w lemma="b/8141" morph="HR/Ncfsc" id="37xeN">בִּ/שְׁנַ֤ת</w>
          <w lemma="8147" n="1.2.0" morph="HAcfda" id="37Nvk">שְׁתַּ֨יִם֙</w>
          <w lemma="l/1867" morph="HR/Np" id="37TyA">לְ/דָרְיָ֣וֶשׁ</w>
          <w lemma="d/4428" n="1.2" morph="HTd/Ncmsa" id="37vuQ">הַ/מֶּ֔לֶךְ</w>
          <w lemma="b/2320" n="1.1.0" morph="HRd/Ncmsa" id="37TSc">בַּ/חֹ֨דֶשׁ֙</w>
          <w lemma="d/8345" n="1.1" morph="HTd/Aomsa" id="37k5P">הַ/שִּׁשִּׁ֔י</w>
          <w lemma="b/3117" morph="HR/Ncmsa" id="37nPh">בְּ/י֥וֹם</w>
          <w lemma="259" n="1.0" morph="HAcmsa" id="37LN3">אֶחָ֖ד</w>
          <w lemma="l/2320" n="1" morph="HRd/Ncmsa" id="37Qzf">לַ/חֹ֑דֶשׁ</w>
          <w lemma="1961" morph="HVqp3ms" id="37aPd">הָיָ֨ה</w>
          <w lemma="1697" morph="HNcmsc" id="37eYX">דְבַר</w><seg type="x-maqqef">־</seg><w lemma="3068" n="0.1.1.0" morph="HNp" id="37C5U">יְהוָ֜ה</w>
          <w lemma="b/3027" morph="HR/Ncbsc" id="37qNN">בְּ/יַד</w><seg type="x-maqqef">־</seg><w lemma="2292 a" morph="HNp" id="37EVS">חַגַּ֣י</w>
          <w lemma="d/5030" n="0.1.1" morph="HTd/Ncmsa" id="37PB6">הַ/נָּבִ֗יא</w>
          <w lemma="413" morph="HR" id="3737c">אֶל</w><seg type="x-maqqef">־</seg><w lemma="2216" morph="HNp" id="37x9c">זְרֻבָּבֶ֤ל</w>
          <w lemma="1121 a" morph="HNcmsc" id="37yNB">בֶּן</w><seg type="x-maqqef">־</seg><w lemma="7597 a" n="0.1.0" morph="HNp" id="3729t">שְׁאַלְתִּיאֵל֙</w>
          <w lemma="6346" morph="HNcmsc" id="37KZG">פַּחַ֣ת</w>
          <w lemma="3063" n="0.1" morph="HNp" id="37TZE">יְהוּדָ֔ה</w>
          <w lemma="c/413" morph="HC/R" id="37thY">וְ/אֶל</w><seg type="x-maqqef">־</seg><w lemma="3091" morph="HNp" id="37JM7">יְהוֹשֻׁ֧עַ</w>
          <w lemma="1121 a" morph="HNcmsc" id="37fpo">בֶּן</w><seg type="x-maqqef">־</seg><w lemma="3087" n="0.0.0" morph="HNp" id="37W26">יְהוֹצָדָ֛ק</w>
          <w lemma="d/3548" morph="HTd/Ncmsa" id="37yw4">הַ/כֹּהֵ֥ן</w>
          <w lemma="d/1419 a" n="0.0" morph="HTd/Aamsa" id="37jbg">הַ/גָּד֖וֹל</w>
          <w lemma="l/559" n="0" morph="HR/Vqc" id="37USR">לֵ/אמֹֽר</w><seg type="x-sof-pasuq">׃</seg>
        </verse>
        <verse osisID="Hag.1.2">
          <w lemma="3541" morph="HD" id="37v6U">כֹּ֥ה</w>
          <w lemma="559" n="1.0.0" morph="HVqp3ms" id="375SS">אָמַ֛ר</w>
          <w lemma="3068" morph="HNp" id="37GzE">יְהוָ֥ה</w>
          <w lemma="6635 b" n="1.0" morph="HNcbpa" id="37qCU">צְבָא֖וֹת</w>
          <w lemma="l/559" n="1" morph="HR/Vqc" id="37g2y">לֵ/אמֹ֑ר</w>
          <w lemma="d/5971 a" morph="HTd/Ncmsa" id="37jQb">הָ/עָ֤ם</w>
          <w lemma="d/2088" n="0.1.0" morph="HTd/Pdxms" id="37794">הַ/זֶּה֙</w>
          <w lemma="559" n="0.1" morph="HVqp3cp" id="37CsU">אָֽמְר֔וּ</w>
          <w lemma="3808" morph="HTn" id="37XR4">לֹ֥א</w>
          <w lemma="6256" morph="HNcbsc" id="37KvS">עֶת</w><seg type="x-maqqef">־</seg><w lemma="935" n="0.0.0" morph="HVqc" id="37dBc">בֹּ֛א</w>
          <w lemma="6256" morph="HNcbsc" id="37nAB">עֶת</w><seg type="x-maqqef">־</seg><w lemma="1004 b" morph="HNcmsc" id="37kfX">בֵּ֥ית</w>
          <w lemma="3068" n="0.0" morph="HNp" id="37Wkf">יְהוָ֖ה</w>
          <w lemma="l/1129" n="0" morph="HR/VNc" id="37wrL">לְ/הִבָּנֽוֹת</w><seg type="x-sof-pasuq">׃</seg>
          <seg type="x-pe">פ</seg>
        </verse>
        <verse osisID="Hag.1.3">
          <w lemma="c/1961" n="0.1.0" morph="HC/Vqw3ms" id="373TL">וַֽ/יְהִי֙</w>
          <w lemma="1697" morph="HNcmsc" id="37LeN">דְּבַר</w><seg type="x-maqqef">־</seg><w lemma="3068" n="0.1" morph="HNp" id="37sMn">יְהוָ֔ה</w>
          <w lemma="b/3027" morph="HR/Ncbsc" id="37Y3z">בְּ/יַד</w><seg type="x-maqqef">־</seg><w lemma="2292 a" morph="HNp" id="37NQN">חַגַּ֥י</w>
          <w lemma="d/5030" n="0.0" morph="HTd/Ncmsa" id="37uLf">הַ/נָּבִ֖יא</w>
          <w lemma="l/559" n="0" morph="HR/Vqc" id="37kA7">לֵ/אמֹֽר</w><seg type="x-sof-pasuq">׃</seg>
        </verse>
        <verse osisID="Hag.1.4">
          <w lemma="i/6256" morph="HTi/Ncbsa" id="373TS">הַ/עֵ֤ת</w>
          <w lemma="l" n="1.1.0" morph="HR/Sp2mp" id="37NFp">לָ/כֶם֙</w>
          <w lemma="859 d" n="1.1" morph="HPp2mp" id="377am">אַתֶּ֔ם</w>
          <w lemma="l/3427" n="1.0" morph="HR/Vqc" id="37hh7">לָ/שֶׁ֖בֶת</w>
          <w lemma="b/1004 b" morph="HR/Ncmpc/Sp2mp" id="37BsK">בְּ/בָתֵּי/כֶ֣ם</w>
          <w lemma="5603" n="1" morph="HVqsmpa" id="37fsu">סְפוּנִ֑ים</w>
          <w lemma="c/d/1004 b" morph="HC/Td/Ncmsa" id="378M6">וְ/הַ/בַּ֥יִת</w>
          <w lemma="d/2088" n="0.0" morph="HTd/Pdxms" id="37wM5">הַ/זֶּ֖ה</w>
          <w lemma="2720 b" n="0" morph="HAamsa" id="37qty">חָרֵֽב</w><seg type="x-sof-pasuq">׃</seg>
        </verse>
        <verse osisID="Hag.1.5">
          <w lemma="c/6258" n="1.1" morph="HC/D" id="375gQ">וְ/עַתָּ֕ה</w>
          <w lemma="3541" morph="HD" id="37Xw6">כֹּ֥ה</w>
          <w lemma="559" n="1.0" morph="HVqp3ms" id="37eHJ">אָמַ֖ר</w>
          <w lemma="3068" morph="HNp" id="37H6L">יְהוָ֣ה</w>
          <w lemma="6635 b" n="1" morph="HNcbpa" id="37bmv">צְבָא֑וֹת</w>
          <w lemma="7760 a" morph="HVqv2mp" id="37FV9">שִׂ֥ימוּ</w>
          <w lemma="3824" n="0.0" morph="HNcmsc/Sp2mp" id="37Xm1">לְבַבְ/כֶ֖ם</w>
          <w lemma="5921 a" morph="HR" id="37UE6">עַל</w><seg type="x-maqqef">־</seg><w lemma="1870" n="0" morph="HNcbpc/Sp2mp" id="37goK">דַּרְכֵי/כֶֽם</w><seg type="x-sof-pasuq">׃</seg>
        </verse>
        <verse osisID="Hag.1.6">
          <w lemma="2232" morph="HVqp2mp" id="37CyH">זְרַעְתֶּ֨ם</w>
          <w lemma="7235 a" n="1.1.1.0" morph="HVha" id="37A4a">הַרְבֵּ֜ה</w>
          <w lemma="c/935" morph="HC/Vha" id="375Pr">וְ/הָבֵ֣א</w>
          <w lemma="4592" n="1.1.1" morph="HAamsa" id="37L4k">מְעָ֗ט</w>
          <w lemma="398" morph="HVqa" id="37Mnv">אָכ֤וֹל</w>
          <w lemma="c/369" morph="HC/Tn" id="37mwU">וְ/אֵין</w><seg type="x-maqqef">־</seg><w lemma="l/7654" n="1.1.0" morph="HR/Ncfsa" id="37tKT">לְ/שָׂבְעָה֙</w>
          <w lemma="8354" morph="HVqa" id="37NRT">שָׁת֣וֹ</w>
          <w lemma="c/369" morph="HC/Tn" id="37sRU">וְ/אֵין</w><seg type="x-maqqef">־</seg><w lemma="l/7937" n="1.1" morph="HR/Vqc" id="37Wxq">לְ/שָׁכְרָ֔ה</w>
          <w lemma="3847" n="1.0" morph="HVqa" id="379qY">לָב֖וֹשׁ</w>
          <w lemma="c/369" morph="HC/Tn" id="37n5f">וְ/אֵין</w><seg type="x-maqqef">־</seg><w lemma="l/2527" morph="HR/Vqc" id="37YUq">לְ/חֹ֣ם</w>
          <w lemma="l" n="1" morph="HR/Sp3ms" id="37fQr">ל֑/וֹ</w>
          <w lemma="c/d/7936 b" n="0.1" morph="HC/Td/Vtrmsa" id="37L7t">וְ/הַ֨/מִּשְׂתַּכֵּ֔ר</w>
          <w lemma="7936 b" n="0.0" morph="HVtrmsa" id="37A74">מִשְׂתַּכֵּ֖ר</w>
          <w lemma="413" morph="HR" id="37dNE">אֶל</w><seg type="x-maqqef">־</seg><w lemma="6872 a" morph="HNcmsa" id="37xdF">צְר֥וֹר</w>
          <w lemma="5344 a" n="0" morph="HVqsmsa" id="37AYg">נָקֽוּב</w><seg type="x-sof-pasuq">׃</seg>
          <seg type="x-pe">פ</seg>
        </verse>
        <verse osisID="Hag.1.7">
          <w lemma="3541" morph="HD" id="37Ls9">כֹּ֥ה</w>
          <w lemma="559" n="1.0" morph="HVqp3ms" id="37Snp">אָמַ֖ר</w>
          <w lemma="3068" morph="HNp" id="3787B">יְהוָ֣ה</w>
          <w lemma="6635 b" n="1" morph="HNcbpa" id="37nLp">צְבָא֑וֹת</w>
          <w lemma="7760 a" morph="HVqv2mp" id="37PzC">שִׂ֥ימוּ</w>
          <w lemma="3824" n="0.0" morph="HNcmsc/Sp2mp" id="37NPq">לְבַבְ/כֶ֖ם</w>
          <w lemma="5921 a" morph="HR" id="37d5m">עַל</w><seg type="x-maqqef">־</seg><w lemma="1870" n="0" morph="HNcbpc/Sp2mp" id="37BYa">דַּרְכֵי/כֶֽם</w><seg type="x-sof-pasuq">׃</seg>
        </verse>
        <verse osisID="Hag.1.8">
          <w lemma="5927" morph="HVqv2mp" id="37LJh">עֲל֥וּ</w>
          <w lemma="d/2022" n="1.0.0" morph="HTd/Ncmsa" id="37tRR">הָ/הָ֛ר</w>
          <w lemma="c/935" morph="HC/Vhq2mp" id="37Q7E">וַ/הֲבֵאתֶ֥ם</w>
          <w lemma="6086" n="1.0" morph="HNcmsa" id="37dv1">עֵ֖ץ</w>
          <w lemma="c/1129" morph="HC/Vqv2mp" id="37QwM">וּ/בְנ֣וּ</w>
          <w lemma="d/1004 b" n="1" morph="HTd/Ncmsa" id="37a62">הַ/בָּ֑יִת</w>
          <w lemma="c/7521" morph="HC/Vqi1cs" id="37KvD">וְ/אֶרְצֶה</w><seg type="x-maqqef">־</seg><w lemma="b" morph="HR/Sp3ms" id="37GLz">בּ֥/וֹ</w>
          <w type="x-ketiv" lemma="c/3513" morph="HC/VNi1cs" id="37BU7">ו/אכבד</w><note type="variant"><catchWord>ו/אכבד</catchWord><rdg type="x-qere"><w lemma="c/3513" n="0.0" morph="HC/VNh1cs" id="37iy2">וְ/אֶכָּבְדָ֖ה</w></rdg></note>
          <w lemma="559" morph="HVqp3ms" id="37zQ2">אָמַ֥ר</w>
          <w lemma="3068" n="0" morph="HNp" id="37Wxx">יְהוָֽה</w><seg type="x-sof-pasuq">׃</seg>
        </verse>
        <verse osisID="Hag.1.9">
          <w lemma="6437" morph="HVqa" id="37jQ8">פָּנֹ֤ה</w>
          <w lemma="413" morph="HR" id="37Haa">אֶל</w><seg type="x-maqqef">־</seg><w lemma="7235 a" n="1.1.0" morph="HVha" id="37fJN">הַרְבֵּה֙</w>
          <w lemma="c/2009" morph="HC/Tm" id="379KV">וְ/הִנֵּ֣ה</w>
          <w lemma="l/4592" n="1.1" morph="HR/Aamsa" id="37F1s">לִ/מְעָ֔ט</w>
          <w lemma="c/935" morph="HC/Vhp2mp" id="37dns">וַ/הֲבֵאתֶ֥ם</w>
          <w lemma="d/1004 b" n="1.0" morph="HTd/Ncmsa" id="37GK3">הַ/בַּ֖יִת</w>
          <w lemma="c/5301" morph="HC/Vqp1cs" id="37nRZ">וְ/נָפַ֣חְתִּי</w>
          <w lemma="b" n="1" morph="HR/Sp3ms" id="37cpb">ב֑/וֹ</w>
          <w lemma="3282" morph="HC" id="37zio">יַ֣עַן</w>
          <w lemma="4100" n="0.2.1" morph="HTi" id="37Qsh">מֶ֗ה</w>
          <w lemma="5002" n="0.2.0" morph="HNcmsc" id="37zTj">נְאֻם֙</w>
          <w lemma="3068" morph="HNp" id="37fPi">יְהוָ֣ה</w>
          <w lemma="6635 b" n="0.2" morph="HNcbpa" id="37GYe">צְבָא֔וֹת</w>
          <w lemma="3282" n="0.1.1" morph="HC" id="37Bbz">יַ֗עַן</w>
          <w lemma="1004 b" n="0.1.0" morph="HNcmsc/Sp1cs" id="37VA9">בֵּיתִ/י֙</w>
          <w lemma="834 a" morph="HTr" id="37fV3">אֲשֶׁר</w><seg type="x-maqqef">־</seg><w lemma="1931" morph="HPp3ms" id="37Sov">ה֣וּא</w>
          <w lemma="2720 b" n="0.1" morph="HAamsa" id="37V27">חָרֵ֔ב</w>
          <w lemma="c/859 d" morph="HC/Pp2mp" id="37ifp">וְ/אַתֶּ֥ם</w>
          <w lemma="7323" n="0.0" morph="HVqrmpa" id="377ZG">רָצִ֖ים</w>
          <w lemma="376" morph="HNcmsa" id="37B2d">אִ֥ישׁ</w>
          <w lemma="l/1004 b" n="0" morph="HR/Ncmsc/Sp3ms" id="37ewe">לְ/בֵיתֽ/וֹ</w><seg type="x-sof-pasuq">׃</seg>
        </verse>
        <verse osisID="Hag.1.10">
          <w lemma="5921 a" morph="HR" id="37SV6">עַל</w><seg type="x-maqqef">־</seg><w lemma="3651 c" morph="HTm" id="37G83">כֵּ֣ן</w>
          <w lemma="5921 a" n="1.1" morph="HR/Sp2mp" id="37vzS">עֲלֵי/כֶ֔ם</w>
          <w lemma="3607" morph="HVqp3cp" id="37Gq9">כָּלְא֥וּ</w>
          <w lemma="8064" n="1.0" morph="HNcmpa" id="373y8">שָמַ֖יִם</w>
          <note n="Q">Marks a place where we agree with BHQ against BHS in reading L. </note>
          <note n="k">We read one or more consonants in L differently from BHS. </note>
          <note n="n">Marks an anomalous form. </note>
          <w lemma="m/2919" n="1" morph="HR/Ncmsa" id="37TXw">מִ/טָּ֑ל</w>
          <w lemma="c/d/776" n="0.0" morph="HC/Td/Ncbsa" id="37Y4K">וְ/הָ/אָ֖רֶץ</w>
          <w lemma="3607" morph="HVqp3fs" id="37C32">כָּלְאָ֥ה</w>
          <w lemma="2981" n="0" morph="HNcmsc/Sp3fs" id="37aMT">יְבוּלָֽ/הּ</w><seg type="x-sof-pasuq">׃</seg>
        </verse>
        <verse osisID="Hag.1.11">
          <w lemma="c/7121" morph="HC/Vqw1cs" id="37Cof">וָ/אֶקְרָ֨א</w>
          <w lemma="2721 a" n="1.1.1.0" morph="HNcmsa" id="37YWU">חֹ֜רֶב</w>
          <w lemma="5921 a" morph="HR" id="37rAQ">עַל</w><seg type="x-maqqef">־</seg><w lemma="d/776" morph="HTd/Ncbsa" id="37fLi">הָ/אָ֣רֶץ</w>
          <w lemma="c/5921 a" morph="HC/R" id="37Ptj">וְ/עַל</w><seg type="x-maqqef">־</seg><w lemma="d/2022" n="1.1.1" morph="HTd/Ncmpa" id="37AJj">הֶ/הָרִ֗ים</w>
          <w lemma="c/5921 a" morph="HC/R" id="379Hv">וְ/עַל</w><seg type="x-maqqef">־</seg><w lemma="d/1715" n="1.1.0" morph="HTd/Ncmsa" id="37j1i">הַ/דָּגָן֙</w>
          <w lemma="c/5921 a" morph="HC/R" id="37J9J">וְ/עַל</w><seg type="x-maqqef">־</seg><w lemma="d/8492" morph="HTd/Ncmsa" id="37U4n">הַ/תִּיר֣וֹשׁ</w>
          <w lemma="c/5921 a" morph="HC/R" id="372Kt">וְ/עַל</w><seg type="x-maqqef">־</seg><w lemma="d/3323" n="1.1" morph="HTd/Ncmsa" id="37RmH">הַ/יִּצְהָ֔ר</w>
          <w lemma="c/5921 a" n="1.0.0" morph="HC/R" id="37SWL">וְ/עַ֛ל</w>
          <w lemma="834 a" morph="HTr" id="3775P">אֲשֶׁ֥ר</w>
          <w lemma="3318" n="1.0" morph="HVhi3fs" id="373Lj">תּוֹצִ֖יא</w>
          <w lemma="d/127" n="1" morph="HTd/Ncfsa" id="37Qa3">הָ/אֲדָמָ֑ה</w>
          <w lemma="c/5921 a" morph="HC/R" id="37WTe">וְ/עַל</w><seg type="x-maqqef">־</seg><w lemma="d/120" n="0.1.0" morph="HTd/Ncmsa" id="376VM">הָֽ/אָדָם֙</w>
          <w lemma="c/5921 a" morph="HC/R" id="37sKn">וְ/עַל</w><seg type="x-maqqef">־</seg><w lemma="d/929" n="0.1" morph="HTd/Ncfsa" id="37oAj">הַ/בְּהֵמָ֔ה</w>
          <w lemma="c/5921 a" n="0.0" morph="HC/R" id="37AxB">וְ/עַ֖ל</w>
          <w lemma="3605" morph="HNcmsc" id="37Ap3">כָּל</w><seg type="x-maqqef">־</seg><w lemma="3018" morph="HNcmsc" id="37CEu">יְגִ֥יעַ</w>
          <w lemma="3709" n="0" morph="HNcfda" id="37zpy">כַּפָּֽיִם</w><seg type="x-sof-pasuq">׃</seg>
          <seg type="x-samekh">ס</seg>
        </verse>
        <verse osisID="Hag.1.12">
          <w lemma="c/8085" morph="HC/Vqw3ms" id="37FiN">וַ/יִּשְׁמַ֣ע</w>
          <w lemma="2216" n="1.2.1.3" morph="HNp" id="37cLk">זְרֻבָּבֶ֣ל</w>
          <seg type="x-paseq">׀</seg>
          <w lemma="1121 a" morph="HNcmsc" id="3792v">בֶּֽן</w><seg type="x-maqqef">־</seg><w lemma="7597 b" n="1.2.1.2" morph="HNp" id="37j63">שַׁלְתִּיאֵ֡ל</w>
          <w lemma="c/3091" morph="HC/Np" id="37LFW">וִ/יהוֹשֻׁ֣עַ</w>
          <w lemma="1121 a" morph="HNcmsc" id="37FbT">בֶּן</w><seg type="x-maqqef">־</seg><w lemma="3087" morph="HNp" id="37Bx7">יְהוֹצָדָק֩</w>
          <w lemma="d/3548" morph="HTd/Ncmsa" id="37btu">הַ/כֹּהֵ֨ן</w>
          <w lemma="d/1419 a" n="1.2.1.1" morph="HTd/Aamsa" id="37rTK">הַ/גָּד֜וֹל</w>
          <w lemma="c/3605" n="1.2.1.0" morph="HC/Ncmsc" id="37SHw">וְ/כֹ֣ל</w>
          <seg type="x-paseq">׀</seg>
          <w lemma="7611" morph="HNcfsc" id="37VuH">שְׁאֵרִ֣ית</w>
          <w lemma="d/5971 a" n="1.2.1" morph="HTd/Ncmsa" id="37Axb">הָ/עָ֗ם</w>
          <w lemma="b/6963 a" n="1.2.0" morph="HR/Ncmsc" id="37xva">בְּ/קוֹל֙</w>
          <w lemma="3068" morph="HNp" id="37NrT">יְהוָ֣ה</w>
          <w lemma="430" n="1.2" morph="HNcmpc/Sp3mp" id="37iAD">אֱלֹֽהֵי/הֶ֔ם</w>
          <w lemma="c/5921 a" morph="HC/R" id="37372">וְ/עַל</w><seg type="x-maqqef">־</seg><w lemma="1697" n="1.1.0" morph="HNcmpc" id="37FMU">דִּבְרֵי֙</w>
          <w lemma="2292 a" morph="HNp" id="37SaV">חַגַּ֣י</w>
          <w lemma="d/5030" n="1.1" morph="HTd/Ncmsa" id="374W9">הַ/נָּבִ֔יא</w>
          <w lemma="k/834 d" morph="HR/Tr" id="37MmM">כַּ/אֲשֶׁ֥ר</w>
          <w lemma="7971" n="1.0" morph="HVqp3ms/Sp3ms" id="37wJn">שְׁלָח֖/וֹ</w>
          <w lemma="3068" morph="HNp" id="37CQo">יְהוָ֣ה</w>
          <w lemma="430" n="1" morph="HNcmpc/Sp3mp" id="37XyU">אֱלֹהֵי/הֶ֑ם</w>
          <w lemma="c/3372" morph="HC/Vqw3mp" id="37BG4">וַ/יִּֽירְא֥וּ</w>
          <w lemma="d/5971 a" n="0.0" morph="HTd/Ncmsa" id="37YHH">הָ/עָ֖ם</w>
          <w lemma="m/6440" morph="HR/Ncbpc" id="37sHf">מִ/פְּנֵ֥י</w>
          <w lemma="3068" n="0" morph="HNp" id="37iee">יְהוָֽה</w><seg type="x-sof-pasuq">׃</seg>
        </verse>
        <verse osisID="Hag.1.13">
          <w lemma="c/559" n="1.0.0.1" morph="HC/Vqw3ms" id="373eS">וַ֠/יֹּאמֶר</w>
          <w lemma="2292 a" n="1.0.0.0" morph="HNp" id="37ddd">חַגַּ֞י</w>
          <w lemma="4397" morph="HNcmsc" id="37hxo">מַלְאַ֧ךְ</w>
          <w lemma="3068" n="1.0.0" morph="HNp" id="37TW6">יְהוָ֛ה</w>
          <w lemma="b/4400" morph="HR/Ncfsc" id="37PVx">בְּ/מַלְאֲכ֥וּת</w>
          <w lemma="3068" n="1.0" morph="HNp" id="37PGK">יְהוָ֖ה</w>
          <w lemma="l/5971 a" morph="HRd/Ncmsa" id="37U4a">לָ/עָ֣ם</w>
          <w lemma="l/559" n="1" morph="HR/Vqc" id="37dSQ">לֵ/אמֹ֑ר</w>
          <w lemma="589" morph="HPp1cs" id="37Qbs">אֲנִ֥י</w>
          <w lemma="854" n="0.0" morph="HR/Sp2mp" id="37ndZ">אִתְּ/כֶ֖ם</w>
          <w lemma="5002" morph="HNcmsc" id="37Xa1">נְאֻם</w><seg type="x-maqqef">־</seg><w lemma="3068" n="0" morph="HNp" id="373yJ">יְהוָֽה</w><seg type="x-sof-pasuq">׃</seg>
        </verse>
        <verse osisID="Hag.1.14">
          <w lemma="c/5782" morph="HC/Vhw3ms" id="37B6c">וַ/יָּ֣עַר</w>
          <w lemma="3068" n="1.2.2.1" morph="HNp" id="37bju">יְהוָ֡ה</w>
          <w lemma="853" morph="HTo" id="37cn3">אֶת</w><seg type="x-maqqef">־</seg><w lemma="7307" morph="HNcbsc" id="377mS">רוּחַ֩</w>
          <w lemma="2216" morph="HNp" id="37dJe">זְרֻבָּבֶ֨ל</w>
          <w lemma="1121 a" morph="HNcmsc" id="37WvG">בֶּן</w><seg type="x-maqqef">־</seg><w lemma="7597 b" n="1.2.2.0" morph="HNp" id="37RXg">שַׁלְתִּיאֵ֜ל</w>
          <w lemma="6346" morph="HNcmsc" id="37pqY">פַּחַ֣ת</w>
          <w lemma="3063" n="1.2.2" morph="HNp" id="37n9v">יְהוּדָ֗ה</w>
          <w lemma="c/853" morph="HC/To" id="37gYe">וְ/אֶת</w><seg type="x-maqqef">־</seg><w lemma="7307" n="1.2.1" morph="HNcbsc" id="37eXj">ר֨וּחַ֙</w>
          <w lemma="3091" morph="HNp" id="378ro">יְהוֹשֻׁ֤עַ</w>
          <w lemma="1121 a" morph="HNcmsc" id="37v5z">בֶּן</w><seg type="x-maqqef">־</seg><w lemma="3087" n="1.2.0" morph="HNp" id="37bCC">יְהוֹצָדָק֙</w>
          <w lemma="d/3548" morph="HTd/Ncmsa" id="376By">הַ/כֹּהֵ֣ן</w>
          <w lemma="d/1419 a" n="1.2" morph="HTd/Aamsa" id="37CZB">הַ/גָּד֔וֹל</w>
          <w lemma="c/853" morph="HC/To" id="37VTb">וְֽ/אֶת</w><seg type="x-maqqef">־</seg><w lemma="7307" n="1.1" morph="HNcbsc" id="376qf">ר֔וּחַ</w>
          <w lemma="3605" n="1.0" morph="HNcmsc" id="37efz">כֹּ֖ל</w>
          <w lemma="7611" morph="HNcfsc" id="37QG5">שְׁאֵרִ֣ית</w>
          <w lemma="d/5971 a" n="1" morph="HTd/Ncmsa" id="373k3">הָ/עָ֑ם</w>
          <w lemma="c/935" n="0.1.0" morph="HC/Vqw3mp" id="371rL">וַ/יָּבֹ֨אוּ֙</w>
          <w lemma="c/6213 a" morph="HC/Vqw3mp" id="37W2c">וַ/יַּעֲשׂ֣וּ</w>
          <w lemma="4399" n="0.1" morph="HNcfsa" id="37mL3">מְלָאכָ֔ה</w>
          <w lemma="b/1004 b" morph="HR/Ncmsc" id="37zfc">בְּ/בֵית</w><seg type="x-maqqef">־</seg><w lemma="3068" morph="HNp" id="37sYp">יְהוָ֥ה</w>
          <w lemma="6635 b" n="0.0" morph="HNcbpa" id="37GvF">צְבָא֖וֹת</w>
          <w lemma="430" n="0" morph="HNcmpc/Sp3mp" id="37dAC">אֱלֹהֵי/הֶֽם</w><seg type="x-sof-pasuq">׃</seg>
          <seg type="x-pe">פ</seg>
        </verse>
        <verse osisID="Hag.1.15">
          <w lemma="b/3117" morph="HR/Ncmsc" id="37i4W">בְּ/י֨וֹם</w>
          <w lemma="6242" morph="HAcbpa" id="37chR">עֶשְׂרִ֧ים</w>
          <w lemma="c/702" n="1.0.0" morph="HC/Acmsa" id="37Ddq">וְ/אַרְבָּעָ֛ה</w>
          <w lemma="l/2320" n="1.0" morph="HRd/Ncmsa" id="37dSp">לַ/חֹ֖דֶשׁ</w>
          <w lemma="b/8345" n="1" morph="HRd/Aomsa" id="37ecS">בַּ/שִּׁשִּׁ֑י</w>
          <w lemma="b/8141" morph="HR/Ncfsc" id="372tG">בִּ/שְׁנַ֥ת</w>
          <w lemma="8147" n="0.0" morph="HAcfda" id="37Xzm">שְׁתַּ֖יִם</w>
          <w lemma="l/1867" morph="HR/Np" id="37CCj">לְ/דָרְיָ֥וֶשׁ</w>
          <w lemma="d/4428" n="0" morph="HTd/Ncmsa" id="37gV8">הַ/מֶּֽלֶךְ</w><seg type="x-sof-pasuq">׃</seg>
        </verse>
      </chapter>
      <chapter osisID="Hag.2">
        <verse osisID="Hag.2.1">
          <w lemma="b/7637" n="1.1" morph="HRd/Aomsa" id="37Czz">בַּ/שְּׁבִיעִ֕י</w>
          <w lemma="b/6242" morph="HR/Acbpa" id="37uXX">בְּ/עֶשְׂרִ֥ים</w>
          <w lemma="c/259" n="1.0" morph="HC/Acmsa" id="37xCL">וְ/אֶחָ֖ד</w>
          <w lemma="l/2320" n="1" morph="HRd/Ncmsa" id="37Qnr">לַ/חֹ֑דֶשׁ</w>
          <w lemma="1961" n="0.1.0" morph="HVqp3ms" id="376kU">הָיָה֙</w>
          <w lemma="1697" morph="HNcmsc" id="37qry">דְּבַר</w><seg type="x-maqqef">־</seg><w lemma="3068" n="0.1" morph="HNp" id="37bvP">יְהוָ֔ה</w>
          <w lemma="b/3027" morph="HR/Ncbsc" id="37wjj">בְּ/יַד</w><seg type="x-maqqef">־</seg><w lemma="2292 a" morph="HNp" id="37Tn7">חַגַּ֥י</w>
          <w lemma="d/5030" n="0.0" morph="HTd/Ncmsa" id="37hEs">הַ/נָּבִ֖יא</w>
          <w lemma="l/559" n="0" morph="HR/Vqc" id="37xAF">לֵ/אמֹֽר</w><seg type="x-sof-pasuq">׃</seg>
        </verse>
        <verse osisID="Hag.2.2">
          <w lemma="559" morph="HVqv2ms" id="37qg1">אֱמָר</w><seg type="x-maqqef">־</seg><w lemma="4994" n="1.1.1" morph="HTe" id="376w9">נָ֗א</w>
          <w lemma="413" morph="HR" id="37wA4">אֶל</w><seg type="x-maqqef">־</seg><w lemma="2216" morph="HNp" id="37ibe">זְרֻבָּבֶ֤ל</w>
          <w lemma="1121 a" morph="HNcmsc" id="37v8V">בֶּן</w><seg type="x-maqqef">־</seg><w lemma="7597 b" n="1.1.0" morph="HNp" id="37T2S">שַׁלְתִּיאֵל֙</w>
          <w lemma="6346" morph="HNcmsc" id="37tkJ">פַּחַ֣ת</w>
          <w lemma="3063" n="1.1" morph="HNp" id="37EXL">יְהוּדָ֔ה</w>
          <w lemma="c/413" morph="HC/R" id="37ZPN">וְ/אֶל</w><seg type="x-maqqef">־</seg><w lemma="3091" morph="HNp" id="37q1G">יְהוֹשֻׁ֥עַ</w>
          <w lemma="1121 a" morph="HNcmsc" id="37bYD">בֶּן</w><seg type="x-maqqef">־</seg><w lemma="3087" n="1.0" morph="HNp" id="37v2F">יְהוֹצָדָ֖ק</w>
          <w lemma="d/3548" morph="HTd/Ncmsa" id="377vt">הַ/כֹּהֵ֣ן</w>
          <w lemma="d/1419 a" n="1" morph="HTd/Aamsa" id="37kDm">הַ/גָּד֑וֹל</w>
          <w lemma="c/413" morph="HC/R" id="37doW">וְ/אֶל</w><seg type="x-maqqef">־</seg><w lemma="7611" morph="HNcfsc" id="37eRa">שְׁאֵרִ֥ית</w>
          <w lemma="d/5971 a" n="0.0" morph="HTd/Ncmsa" id="37kDf">הָ/עָ֖ם</w>
          <w lemma="l/559" n="0" morph="HR/Vqc" id="3763G">לֵ/אמֹֽר</w><seg type="x-sof-pasuq">׃</seg>
        </verse>
        <verse osisID="Hag.2.3">
          <w lemma="4310" morph="HTi" id="37WPn">מִ֤י</w>
          <w lemma="b" n="1.2.0" morph="HR/Sp2mp" id="371jv">בָ/כֶם֙</w>
          <w lemma="d/7604" n="1.2" morph="HTd/VNrmsa" id="37cK8">הַ/נִּשְׁאָ֔ר</w>
          <w lemma="834 a" morph="HTr" id="37DDb">אֲשֶׁ֤ר</w>
          <w lemma="7200" n="1.1.0" morph="HVqp3ms" id="37RCg">רָאָה֙</w>
          <w lemma="853" morph="HTo" id="375KE">אֶת</w><seg type="x-maqqef">־</seg><w lemma="d/1004 b" morph="HTd/Ncmsa" id="37qVd">הַ/בַּ֣יִת</w>
          <w lemma="d/2088" n="1.1" morph="HTd/Pdxms" id="37koG">הַ/זֶּ֔ה</w>
          <w lemma="b/3519" n="1.0" morph="HR/Ncbsc/Sp3ms" id="37e6B">בִּ/כְבוֹד֖/וֹ</w>
          <w lemma="d/7223" n="1" morph="HTd/Aomsa" id="378GY">הָ/רִאשׁ֑וֹן</w>
          <w lemma="c/4100" morph="HC/Ti" id="37GpK">וּ/מָ֨ה</w>
          <w lemma="859 d" n="0.1.0.0" morph="HPp2mp" id="3768C">אַתֶּ֜ם</w>
          <w lemma="7200" morph="HVqrmpa" id="37CMz">רֹאִ֤ים</w>
          <w lemma="853" n="0.1.0" morph="HTo/Sp3ms" id="37D4c">אֹת/וֹ֙</w>
          <w lemma="6258" n="0.1" morph="HD" id="37ta1">עַ֔תָּה</w>
          <w lemma="i/3808" morph="HTi/Tn" id="37JnD">הֲ/ל֥וֹא</w>
          <w lemma="3644" n="0.0.0" morph="HR/Sp3ms" id="37jfz">כָמֹ֛/הוּ</w>
          <w lemma="k/369" n="0.0" morph="HR/Tn" id="37ErQ">כְּ/אַ֖יִן</w>
          <w lemma="b/5869 a" n="0" morph="HR/Ncbdc/Sp2mp" id="374fv">בְּ/עֵינֵי/כֶֽם</w><seg type="x-sof-pasuq">׃</seg>
        </verse>
        <verse osisID="Hag.2.4">
          <w lemma="c/6258" morph="HC/D" id="37yDv">וְ/עַתָּ֣ה</w>
          <w lemma="2388" morph="HVqv2ms" id="37jyT">חֲזַ֣ק</w>
          <w lemma="2216" n="1.0.0.2" morph="HNp" id="37Unh">זְרֻבָּבֶ֣ל</w>
          <seg type="x-paseq">׀</seg>
          <w lemma="5002" morph="HNcmsc" id="37QH2">נְאֻם</w><seg type="x-maqqef">־</seg><w lemma="3068" n="1.0.0.1" morph="HNp" id="37xxn">יְהוָ֡ה</w>
          <w lemma="c/2388" morph="HC/Vqv2ms" id="37ou4">וַ/חֲזַ֣ק</w>
          <w lemma="3091" morph="HNp" id="373KZ">יְהוֹשֻׁ֣עַ</w>
          <w lemma="1121 a" morph="HNcmsc" id="37jNE">בֶּן</w><seg type="x-maqqef">־</seg><w lemma="3087" morph="HNp" id="37hj3">יְהוֹצָדָק֩</w>
          <w lemma="d/3548" morph="HTd/Ncmsa" id="37iDs">הַ/כֹּהֵ֨ן</w>
          <w lemma="d/1419 a" n="1.0.0.0" morph="HTd/Aamsa" id="376Lo">הַ/גָּד֜וֹל</w>
          <w lemma="c/2388" morph="HC/Vqv2ms" id="37JZq">וַ/חֲזַ֨ק</w>
          <w lemma="3605" morph="HNcmsc" id="37ZpQ">כָּל</w><seg type="x-maqqef">־</seg><w lemma="5971 a" morph="HNcmsc" id="379gS">עַ֥ם</w>
          <w lemma="d/776" n="1.0.0" morph="HTd/Ncbsa" id="37LAe">הָ/אָ֛רֶץ</w>
          <w lemma="5002" morph="HNcmsc" id="37qK3">נְאֻם</w><seg type="x-maqqef">־</seg><w lemma="3068" n="1.0" morph="HNp" id="371Cv">יְהוָ֖ה</w>
          <w lemma="c/6213 a" n="1" morph="HC/Vqv2mp" id="37PBQ">וַֽ/עֲשׂ֑וּ</w>
          <w lemma="3588 a" morph="HC" id="37mr5">כִּֽי</w><seg type="x-maqqef">־</seg><w lemma="589" morph="HPp1cs" id="37QDu">אֲנִ֣י</w>
          <w lemma="854" n="0.1" morph="HR/Sp2mp" id="37PbY">אִתְּ/כֶ֔ם</w>
          <w lemma="5002" n="0.0" morph="HNcmsc" id="37Ew6">נְאֻ֖ם</w>
          <w lemma="3068" morph="HNp" id="3774R">יְהוָ֥ה</w>
          <w lemma="6635 b" n="0" morph="HNcbpa" id="376zt">צְבָאֽוֹת</w><seg type="x-sof-pasuq">׃</seg>
        </verse>
        <verse osisID="Hag.2.5">
          <w lemma="853" morph="HTo" id="37zEm">אֶֽת</w><seg type="x-maqqef">־</seg><w lemma="d/1697" n="1.1.0.0" morph="HTd/Ncmsa" id="372dm">הַ/דָּבָ֞ר</w>
          <w lemma="834 a" morph="HTr" id="37uYh">אֲשֶׁר</w><seg type="x-maqqef">־</seg><w lemma="3772" morph="HVqp1cs" id="37YxK">כָּרַ֤תִּי</w>
          <w lemma="854" n="1.1.0" morph="HR/Sp2mp" id="37aSJ">אִתְּ/כֶם֙</w>
          <w lemma="b/3318" morph="HR/Vqc/Sp2mp" id="37Kz2">בְּ/צֵאתְ/כֶ֣ם</w>
          <w lemma="m/4714" n="1.1" morph="HR/Np" id="37YhQ">מִ/מִּצְרַ֔יִם</w>
          <w lemma="c/7307" n="1.0" morph="HC/Ncbsc/Sp1cs" id="37azZ">וְ/רוּחִ֖/י</w>
          <w lemma="5975" morph="HVqrfsa" id="37oiy">עֹמֶ֣דֶת</w>
          <w lemma="b/8432" n="1" morph="HR/Ncmsc/Sp2mp" id="37gPX">בְּ/תוֹכְ/כֶ֑ם</w>
          <w lemma="408" morph="HTn" id="37gtq">אַל</w><seg type="x-maqqef">־</seg><w lemma="3372" n="0" morph="HVqj2mp" id="37HSQ">תִּירָֽאוּ</w><seg type="x-sof-pasuq">׃</seg>
          <seg type="x-samekh">ס</seg>
        </verse>
        <verse osisID="Hag.2.6">
          <w lemma="3588 a" morph="HC" id="37fbB">כִּ֣י</w>
          <w lemma="3541" morph="HD" id="37k1L">כֹ֤ה</w>
          <w lemma="559" n="1.1.0" morph="HVqp3ms" id="372tS">אָמַר֙</w>
          <w lemma="3068" morph="HNp" id="37EVu">יְהוָ֣ה</w>
          <w lemma="6635 b" n="1.1" morph="HNcbpa" id="37ygU">צְבָא֔וֹת</w>
          <w lemma="5750" morph="HD" id="37swV">ע֥וֹד</w>
          <w lemma="259" n="1.0" morph="HAcfsa" id="37HjU">אַחַ֖ת</w>
          <w lemma="4592" morph="HNcmsa" id="37d3U">מְעַ֣ט</w>
          <w lemma="1931" n="1" morph="HPp3fs" id="37NtK">הִ֑יא</w>
          <w lemma="c/589" n="0.1.1" morph="HC/Pp1cs" id="37U94">וַ/אֲנִ֗י</w>
          <w lemma="7493" n="0.1.0" morph="HVhrmsa" id="37zqr">מַרְעִישׁ֙</w>
          <w lemma="853" morph="HTo" id="376JA">אֶת</w><seg type="x-maqqef">־</seg><w lemma="d/8064" morph="HTd/Ncmpa" id="37JyD">הַ/שָּׁמַ֣יִם</w>
          <w lemma="c/853" morph="HC/To" id="37jjy">וְ/אֶת</w><seg type="x-maqqef">־</seg><w lemma="d/776" n="0.1" morph="HTd/Ncbsa" id="3779E">הָ/אָ֔רֶץ</w>
          <w lemma="c/853" morph="HC/To" id="37Zuo">וְ/אֶת</w><seg type="x-maqqef">־</seg><w lemma="d/3220" n="0.0" morph="HTd/Ncmsa" id="37LXS">הַ/יָּ֖ם</w>
          <w lemma="c/853" morph="HC/To" id="37mR4">וְ/אֶת</w><seg type="x-maqqef">־</seg><w lemma="d/2724" n="0" morph="HR/Ncfsa" id="37MC8">הֶ/חָרָבָֽה</w><seg type="x-sof-pasuq">׃</seg>
        </verse>
        <verse osisID="Hag.2.7">
          <w lemma="c/7493" n="1.1.0" morph="HC/Vhp1cs" id="37BnR">וְ/הִרְעַשְׁתִּי֙</w>
          <w lemma="853" morph="HTo" id="37PUg">אֶת</w><seg type="x-maqqef">־</seg><w lemma="3605" morph="HNcmsc" id="37pUN">כָּל</w><seg type="x-maqqef">־</seg><w lemma="d/1471 a" n="1.1" morph="HTd/Ncmpa" id="37gc8">הַ/גּוֹיִ֔ם</w>
          <w lemma="c/935" n="1.0" morph="HC/Vqp3cp" id="37Lsp">וּ/בָ֖אוּ</w>
          <w lemma="2532 a" morph="HNcfsc" id="37SAE">חֶמְדַּ֣ת</w>
          <w lemma="3605" morph="HNcmsc" id="373gY">כָּל</w><seg type="x-maqqef">־</seg><w lemma="d/1471 a" n="1" morph="HTd/Ncmpa" id="37RuM">הַ/גּוֹיִ֑ם</w>
          <w lemma="c/4390" n="0.1.0.0" morph="HC/Vpp1cs" id="37WFU">וּ/מִלֵּאתִ֞י</w>
          <w lemma="853" morph="HTo" id="37BJv">אֶת</w><seg type="x-maqqef">־</seg><w lemma="d/1004 b" morph="HTd/Ncmsa" id="37ExP">הַ/בַּ֤יִת</w>
          <w lemma="d/2088" n="0.1.0" morph="HTd/Pdxms" id="37ypu">הַ/זֶּה֙</w>
          <w lemma="3519" n="0.1" morph="HNcbsa" id="37mP3">כָּב֔וֹד</w>
          <w lemma="559" n="0.0" morph="HVqp3ms" id="37V8b">אָמַ֖ר</w>
          <w lemma="3068" morph="HNp" id="37suQ">יְהוָ֥ה</w>
          <w lemma="6635 b" n="0" morph="HNcbpa" id="371Su">צְבָאֽוֹת</w><seg type="x-sof-pasuq">׃</seg>
        </verse>
        <verse osisID="Hag.2.8">
          <w lemma="l" morph="HR/Sp1cs" id="37MEz">לִ֥/י</w>
          <w lemma="d/3701" n="1.0" morph="HTd/Ncmsa" id="37Q2u">הַ/כֶּ֖סֶף</w>
          <w lemma="c/l" morph="HC/R/Sp1cs" id="37yT5">וְ/לִ֣/י</w>
          <w lemma="d/2091" n="1" morph="HTd/Ncmsa" id="37b5Q">הַ/זָּהָ֑ב</w>
          <w lemma="5002" n="0.0" morph="HNcmsc" id="37F88">נְאֻ֖ם</w>
          <w lemma="3068" morph="HNp" id="37AXb">יְהוָ֥ה</w>
          <w lemma="6635 b" n="0" morph="HNcbpa" id="37Wjz">צְבָאֽוֹת</w><seg type="x-sof-pasuq">׃</seg>
        </verse>
        <verse osisID="Hag.2.9">
          <w lemma="1419 a" morph="HAamsa" id="37bPJ">גָּד֣וֹל</w>
          <w lemma="1961" n="1.1.0.0" morph="HVqi3ms" id="37hS1">יִֽהְיֶ֡ה</w>
          <w lemma="3519" morph="HNcbsc" id="37h53">כְּבוֹד֩</w>
          <w lemma="d/1004 b" morph="HTd/Ncmsa" id="37vpK">הַ/בַּ֨יִת</w>
          <w lemma="d/2088" morph="HTd/Pdxms" id="37G6E">הַ/זֶּ֤ה</w>
          <w lemma="d/314" n="1.1.0" morph="HTd/Aamsa" id="374vX">הָ/אַֽחֲרוֹן֙</w>
          <w lemma="4480 a" morph="HR" id="37X1R">מִן</w><seg type="x-maqqef">־</seg><w lemma="d/7223" n="1.1" morph="HTd/Aomsa" id="37bsu">הָ֣/רִאשׁ֔וֹן</w>
          <w lemma="559" n="1.0" morph="HVqp3ms" id="37Ygn">אָמַ֖ר</w>
          <w lemma="3068" morph="HNp" id="372gM">יְהוָ֣ה</w>
          <w lemma="6635 b" n="1" morph="HNcbpa" id="37pAw">צְבָא֑וֹת</w>
          <w lemma="c/b/4725" morph="HC/Rd/Ncmsa" id="37mVV">וּ/בַ/מָּק֤וֹם</w>
          <w lemma="d/2088" n="0.1.0" morph="HTd/Pdxms" id="37FMa">הַ/זֶּה֙</w>
          <w lemma="5414" morph="HVqi1cs" id="37KPU">אֶתֵּ֣ן</w>
          <w lemma="7965" n="0.1" morph="HNcmsa" id="37ki2">שָׁל֔וֹם</w>
          <w lemma="5002" n="0.0" morph="HNcmsc" id="375pZ">נְאֻ֖ם</w>
          <w lemma="3068" morph="HNp" id="37HWo">יְהוָ֥ה</w>
          <w lemma="6635 b" n="0" morph="HNcbpa" id="37zkA">צְבָאֽוֹת</w><seg type="x-sof-pasuq">׃</seg>
          <seg type="x-pe">פ</seg>
        </verse>
        <verse osisID="Hag.2.10">
          <w lemma="b/6242" morph="HR/Acbpa" id="37JMT">בְּ/עֶשְׂרִ֤ים</w>
          <w lemma="c/702" n="1.1.0" morph="HC/Acmsa" id="37jEX">וְ/אַרְבָּעָה֙</w>
          <w lemma="l/8671" n="1.1" morph="HRd/Aomsa" id="37uUA">לַ/תְּשִׁיעִ֔י</w>
          <w lemma="b/8141" morph="HR/Ncfsc" id="37tKf">בִּ/שְׁנַ֥ת</w>
          <w lemma="8147" n="1.0" morph="HAcfda" id="37awE">שְׁתַּ֖יִם</w>
          <w lemma="l/1867" n="1" morph="HR/Np" id="37yNT">לְ/דָרְיָ֑וֶשׁ</w>
          <w lemma="1961" n="0.1.0" morph="HVqp3ms" id="37Azu">הָיָה֙</w>
          <w lemma="1697" morph="HNcmsc" id="37884">דְּבַר</w><seg type="x-maqqef">־</seg><w lemma="3068" n="0.1" morph="HNp" id="37XMu">יְהוָ֔ה</w>
          <w lemma="413" morph="HR" id="37mrn">אֶל</w><seg type="x-maqqef">־</seg><w lemma="2292 a" morph="HNp" id="37Xh9">חַגַּ֥י</w>
          <w lemma="d/5030" n="0.0" morph="HTd/Ncmsa" id="37D3a">הַ/נָּבִ֖יא</w>
          <w lemma="l/559" n="0" morph="HR/Vqc" id="37wEr">לֵ/אמֹֽר</w><seg type="x-sof-pasuq">׃</seg>
        </verse>
        <verse osisID="Hag.2.11">
          <w lemma="3541" morph="HD" id="37Rvc">כֹּ֥ה</w>
          <w lemma="559" n="1.0" morph="HVqp3ms" id="37c6V">אָמַ֖ר</w>
          <w lemma="3068" morph="HNp" id="378eM">יְהוָ֣ה</w>
          <w lemma="6635 b" n="1" morph="HNcbpa" id="37xkK">צְבָא֑וֹת</w>
          <w lemma="7592" morph="HVqv2ms" id="37rGa">שְׁאַל</w><seg type="x-maqqef">־</seg><w lemma="4994" morph="HTe" id="37fp1">נָ֧א</w>
          <w lemma="853" morph="HTo" id="37Y9g">אֶת</w><seg type="x-maqqef">־</seg><w lemma="d/3548" n="0.0.0" morph="HTd/Ncmpa" id="37mGU">הַ/כֹּהֲנִ֛ים</w>
          <w lemma="8451" n="0.0" morph="HNcfsa" id="37gBW">תּוֹרָ֖ה</w>
          <w lemma="l/559" n="0" morph="HR/Vqc" id="37eLD">לֵ/אמֹֽר</w><seg type="x-sof-pasuq">׃</seg>
        </verse>
        <verse osisID="Hag.2.12">
          <w lemma="2005" n="1.0.1.1" morph="HTm" id="3793F">הֵ֣ן</w>
          <seg type="x-paseq">׀</seg>
          <w lemma="5375" morph="HVqi3ms" id="37eyL">יִשָּׂא</w><seg type="x-maqqef">־</seg><w lemma="376" morph="HNcmsa" id="37pm7">אִ֨ישׁ</w>
          <w lemma="1320" morph="HNcmsc" id="37teU">בְּשַׂר</w><seg type="x-maqqef">־</seg><w lemma="6944" n="1.0.1.0" morph="HNcmsa" id="37c58">קֹ֜דֶשׁ</w>
          <w lemma="b/3671" morph="HR/Ncfsc" id="37MRA">בִּ/כְנַ֣ף</w>
          <w lemma="899 b" n="1.0.1" morph="HNcmsc/Sp3ms" id="37xp4">בִּגְד֗/וֹ</w>
          <w lemma="c/5060" morph="HC/Vqp3ms" id="37Hki">וְ/נָגַ֣ע</w>
          <w lemma="b/3671" n="1.0.0.1" morph="HR/Ncfsc/Sp3ms" id="37QvZ">בִּ֠/כְנָפ/וֹ</w>
          <w lemma="413" morph="HR" id="37S38">אֶל</w><seg type="x-maqqef">־</seg><w lemma="d/3899" morph="HTd/Ncbsa" id="37eN1">הַ/לֶּ֨חֶם</w>
          <w lemma="c/413" morph="HC/R" id="37HoD">וְ/אֶל</w><seg type="x-maqqef">־</seg><w lemma="d/5138" n="1.0.0.0" morph="HTd/Ncmsa" id="37P5s">הַ/נָּזִ֜יד</w>
          <w lemma="c/413" morph="HC/R" id="375QX">וְ/אֶל</w><seg type="x-maqqef">־</seg><w lemma="d/3196" morph="HTd/Ncmsa" id="37Mxy">הַ/יַּ֧יִן</w>
          <w lemma="c/413" morph="HC/R" id="37w6u">וְ/אֶל</w><seg type="x-maqqef">־</seg><w lemma="8081" n="1.0.0" morph="HNcmsa" id="37e3z">שֶׁ֛מֶן</w>
          <w lemma="c/413" morph="HC/R" id="372c6">וְ/אֶל</w><seg type="x-maqqef">־</seg><w lemma="3605" morph="HNcmsc" id="373RL">כָּל</w><seg type="x-maqqef">־</seg><w lemma="3978" n="1.0" morph="HNcmsa" id="37JUf">מַאֲכָ֖ל</w>
          <w lemma="i/6942" n="1" morph="HTi/Vqi3ms" id="37ce9">הֲ/יִקְדָּ֑שׁ</w>
          <w lemma="c/6030 b" morph="HC/Vqw3mp" id="37dPK">וַ/יַּעֲנ֧וּ</w>
          <w lemma="d/3548" n="0.0.0" morph="HTd/Ncmpa" id="37vLv">הַ/כֹּהֲנִ֛ים</w>
          <w lemma="c/559" n="0.0" morph="HC/Vqw3mp" id="37UrG">וַ/יֹּאמְר֖וּ</w>
          <w lemma="3808" n="0" morph="HTn" id="37Sxc">לֹֽא</w><seg type="x-sof-pasuq">׃</seg>
        </verse>
        <verse osisID="Hag.2.13">
          <w lemma="c/559" morph="HC/Vqw3ms" id="37xwN">וַ/יֹּ֣אמֶר</w>
          <w lemma="2292 a" n="1.1" morph="HNp" id="37GjY">חַגַּ֔י</w>
          <w lemma="518 a" morph="HC" id="37KNo">אִם</w><seg type="x-maqqef">־</seg><w lemma="5060" morph="HVqi3ms" id="37NLD">יִגַּ֧ע</w>
          <w lemma="2931" morph="HAamsc" id="37GUh">טְמֵא</w><seg type="x-maqqef">־</seg><w lemma="5315" n="1.0.0" morph="HNcbsa" id="375aF">נֶ֛פֶשׁ</w>
          <w lemma="b/3605" morph="HR/Ncmsc" id="37taY">בְּ/כָל</w><seg type="x-maqqef">־</seg><w lemma="428" n="1.0" morph="HPdxcp" id="37EZz">אֵ֖לֶּה</w>
          <w lemma="i/2930 a" n="1" morph="HTi/Vqi3ms" id="37Hnw">הֲ/יִטְמָ֑א</w>
          <w lemma="c/6030 b" morph="HC/Vqw3mp" id="37pXi">וַ/יַּעֲנ֧וּ</w>
          <w lemma="d/3548" n="0.0.0" morph="HTd/Ncmpa" id="37Nq4">הַ/כֹּהֲנִ֛ים</w>
          <w lemma="c/559" n="0.0" morph="HC/Vqw3mp" id="37rZH">וַ/יֹּאמְר֖וּ</w>
          <w lemma="2930 a" n="0" morph="HVqi3ms" id="37GtT">יִטְמָֽא</w><seg type="x-sof-pasuq">׃</seg>
        </verse>
        <verse osisID="Hag.2.14">
          <w lemma="c/6030 b" morph="HC/Vqw3ms" id="37kwz">וַ/יַּ֨עַן</w>
          <w lemma="2292 a" n="1.1.1.0" morph="HNp" id="37tc4">חַגַּ֜י</w>
          <w lemma="c/559" n="1.1.1" morph="HC/Vqw3ms" id="37CMD">וַ/יֹּ֗אמֶר</w>
          <w lemma="3651 c" morph="HTm" id="375eq">כֵּ֣ן</w>
          <w lemma="d/5971 a" morph="HTd/Ncmsa" id="37Cj2">הָֽ/עָם</w><seg type="x-maqqef">־</seg><w lemma="d/2088" n="1.1.0.0" morph="HTd/Pdxms" id="37Ttm">הַ֠/זֶּה</w>
          <w lemma="c/3651 c" morph="HC/Tm" id="376Vi">וְ/כֵן</w><seg type="x-maqqef">־</seg><w lemma="d/1471 a" morph="HTd/Ncmsa" id="37V8W">הַ/גּ֨וֹי</w>
          <w lemma="d/2088" morph="HTd/Pdxms" id="37zg2">הַ/זֶּ֤ה</w>
          <w lemma="l/6440" n="1.1.0" morph="HR/Ncbpc/Sp1cs" id="37gXh">לְ/פָנַ/י֙</w>
          <w lemma="5002" morph="HNcmsc" id="373iR">נְאֻם</w><seg type="x-maqqef">־</seg><w lemma="3068" n="1.1" morph="HNp" id="37RoG">יְהוָ֔ה</w>
          <w lemma="c/3651 c" n="1.0" morph="HC/Tm" id="37jP7">וְ/כֵ֖ן</w>
          <w lemma="3605" morph="HNcmsc" id="37vCn">כָּל</w><seg type="x-maqqef">־</seg><w lemma="4639" morph="HNcmsc" id="37jv3">מַעֲשֵׂ֣ה</w>
          <w lemma="3027" n="1" morph="HNcbdc/Sp3mp" id="37ggL">יְדֵי/הֶ֑ם</w>
          <w lemma="c/834 a" morph="HC/Tr" id="37MVq">וַ/אֲשֶׁ֥ר</w>
          <w lemma="7126" n="0.0.0" morph="HVhi3mp" id="37g1y">יַקְרִ֛יבוּ</w>
          <w lemma="8033" n="0.0" morph="HD" id="37CBH">שָׁ֖ם</w>
          <w lemma="2931" morph="HAamsa" id="373t6">טָמֵ֥א</w>
          <w lemma="1931" n="0" morph="HPp3ms" id="37g33">הֽוּא</w><seg type="x-sof-pasuq">׃</seg>
        </verse>
        <verse osisID="Hag.2.15">
          <w lemma="c/6258" n="1.1.0" morph="HC/D" id="37LDn">וְ/עַתָּה֙</w>
          <w lemma="7760 a" morph="HVqv2mp" id="373jG">שִֽׂימוּ</w><seg type="x-maqqef">־</seg><w lemma="4994" morph="HTe" id="37WDP">נָ֣א</w>
          <w lemma="3824" n="1.1" morph="HNcmsc/Sp2mp" id="37eeF">לְבַבְ/כֶ֔ם</w>
          <w lemma="4480 a" morph="HR" id="37idA">מִן</w><seg type="x-maqqef">־</seg><w lemma="d/3117" morph="HTd/Ncmsa" id="37Z4D">הַ/יּ֥וֹם</w>
          <w lemma="d/2088" n="1.0" morph="HTd/Pdxms" id="37VMC">הַ/זֶּ֖ה</w>
          <w lemma="c/4605" n="1" morph="HC/D/Sd" id="37K8W">וָ/מָ֑עְלָ/ה</w>
          <w lemma="m/2962" morph="HR/D" id="376RX">מִ/טֶּ֧רֶם</w>
          <w lemma="7760 a" morph="HVqc" id="37bYm">שֽׂוּם</w><seg type="x-maqqef">־</seg><w lemma="68" n="0.0.0" morph="HNcfsa" id="37M7H">אֶ֛בֶן</w>
          <w lemma="413" morph="HR" id="37gcK">אֶל</w><seg type="x-maqqef">־</seg><w lemma="68" n="0.0" morph="HNcfsa" id="37p7s">אֶ֖בֶן</w>
          <w lemma="b/1964" morph="HR/Ncmsc" id="37ZBR">בְּ/הֵיכַ֥ל</w>
          <w lemma="3068" n="0" morph="HNp" id="37ACh">יְהוָֽה</w><seg type="x-sof-pasuq">׃</seg>
        </verse>
        <verse osisID="Hag.2.16">
          <w lemma="m/1961" morph="HR/Vqc/Sp3mp" id="37mnL">מִֽ/הְיוֹתָ֥/ם</w>
          <w lemma="935" n="1.1.0" morph="HVqp3ms" id="3789r">בָּא֙</w>
          <w lemma="413" morph="HR" id="37GmF">אֶל</w><seg type="x-maqqef">־</seg><w lemma="6194" morph="HNcfsc" id="37fcv">עֲרֵמַ֣ת</w>
          <w lemma="6242" n="1.1" morph="HAcbpa" id="37knb">עֶשְׂרִ֔ים</w>
          <w lemma="c/1961" n="1.0" morph="HC/Vqp3fs" id="37Qpj">וְ/הָיְתָ֖ה</w>
          <w lemma="6235" n="1" morph="HAcmsa" id="37MDS">עֲשָׂרָ֑ה</w>
          <w lemma="935" morph="HVqp3ms" id="37YBx">בָּ֣א</w>
          <w lemma="413" morph="HR" id="37kMZ">אֶל</w><seg type="x-maqqef">־</seg><w lemma="d/3342" n="0.1.1" morph="HTd/Ncmsa" id="37uqC">הַ/יֶּ֗קֶב</w>
          <w lemma="l/2834" n="0.1.0" morph="HR/Vqc" id="37VY5">לַ/חְשֹׂף֙</w>
          <w lemma="2572" morph="HAcbpa" id="37WJY">חֲמִשִּׁ֣ים</w>
          <w lemma="6333" n="0.1" morph="HNcfsa" id="37brh">פּוּרָ֔ה</w>
          <w lemma="c/1961" n="0.0" morph="HC/Vqp3fs" id="37w1U">וְ/הָיְתָ֖ה</w>
          <w lemma="6242" n="0" morph="HAcbpa" id="37aqT">עֶשְׂרִֽים</w><seg type="x-sof-pasuq">׃</seg>
        </verse>
        <verse osisID="Hag.2.17">
          <w lemma="5221" morph="HVhp1cs" id="37zXi">הִכֵּ֨יתִי</w>
          <w lemma="853" n="1.1.0.0" morph="HTo/Sp2mp" id="37H8a">אֶתְ/כֶ֜ם</w>
          <w lemma="b/7711 b" morph="HRd/Ncmsa" id="37Sjh">בַּ/שִּׁדָּפ֤וֹן</w>
          <w lemma="c/b/3420" n="1.1.0" morph="HC/Rd/Ncmsa" id="37oYp">וּ/בַ/יֵּֽרָקוֹן֙</w>
          <w lemma="c/b/1259" n="1.1" morph="HC/Rd/Ncmsa" id="37Pht">וּ/בַ/בָּרָ֔ד</w>
          <w lemma="853" n="1.0" morph="HTo" id="37idy">אֵ֖ת</w>
          <w lemma="3605" morph="HNcmsc" id="37PU6">כָּל</w><seg type="x-maqqef">־</seg><w lemma="4639" morph="HNcmsc" id="37FCP">מַעֲשֵׂ֣ה</w>
          <w lemma="3027" n="1" morph="HNcbdc/Sp2mp" id="37YuY">יְדֵי/כֶ֑ם</w>
          <w lemma="c/369" morph="HC/Tn" id="378Js">וְ/אֵין</w><seg type="x-maqqef">־</seg><w lemma="853" morph="HTo/Sp2mp" id="37FyK">אֶתְ/כֶ֥ם</w>
          <w lemma="413" n="0.0" morph="HR/Sp1cs" id="37XjR">אֵלַ֖/י</w>
          <w lemma="5002" morph="HNcmsc" id="37jaD">נְאֻם</w><seg type="x-maqqef">־</seg><w lemma="3068" n="0" morph="HNp" id="37W7V">יְהוָֽה</w><seg type="x-sof-pasuq">׃</seg>
        </verse>
        <verse osisID="Hag.2.18">
          <w lemma="7760 a" morph="HVqv2mp" id="37U2Y">שִׂימוּ</w><seg type="x-maqqef">־</seg><w lemma="4994" morph="HTe" id="378na">נָ֣א</w>
          <w lemma="3824" n="1.1" morph="HNcmsc/Sp2mp" id="37sgw">לְבַבְ/כֶ֔ם</w>
          <w lemma="4480 a" morph="HR" id="37MDX">מִן</w><seg type="x-maqqef">־</seg><w lemma="d/3117" morph="HTd/Ncmsa" id="37pPp">הַ/יּ֥וֹם</w>
          <w lemma="d/2088" n="1.0" morph="HTd/Pdxms" id="37ieN">הַ/זֶּ֖ה</w>
          <w lemma="c/4605" n="1" morph="HC/D/Sd" id="37Csj">וָ/מָ֑עְלָ/ה</w>
          <w lemma="m/3117" morph="HR/Ncmsc" id="37rHn">מִ/יּוֹם֩</w>
          <w lemma="6242" morph="HAcbpa" id="37ViB">עֶשְׂרִ֨ים</w>
          <w lemma="c/702" n="0.0.1.0" morph="HC/Acmsa" id="37CFo">וְ/אַרְבָּעָ֜ה</w>
          <w lemma="l/8671" n="0.0.1" morph="HRd/Aomsa" id="375Ja">לַ/תְּשִׁיעִ֗י</w>
          <w lemma="l/4480 a" morph="HR/R" id="37UXS">לְ/מִן</w><seg type="x-maqqef">־</seg><w lemma="d/3117" n="0.0.0" morph="HTd/Ncmsa" id="37YQ8">הַ/יּ֛וֹם</w>
          <w lemma="834 a" morph="HTr" id="37Abd">אֲשֶׁר</w><seg type="x-maqqef">־</seg><w lemma="3245" morph="HVPp3ms" id="372UV">יֻסַּ֥ד</w>
          <w lemma="1964" morph="HNcmsc" id="37ZtS">הֵֽיכַל</w><seg type="x-maqqef">־</seg><w lemma="3068" n="0.0" morph="HNp" id="37gMU">יְהוָ֖ה</w>
          <w lemma="7760 a" morph="HVqv2mp" id="37nWb">שִׂ֥ימוּ</w>
          <w lemma="3824" n="0" morph="HNcmsc/Sp2mp" id="37GXk">לְבַבְ/כֶֽם</w><seg type="x-sof-pasuq">׃</seg>
        </verse>
        <verse osisID="Hag.2.19">
          <w lemma="i/5750" morph="HTi/D" id="37TZa">הַ/ע֤וֹד</w>
          <w lemma="d/2233" n="1.1.0" morph="HTd/Ncmsa" id="375qp">הַ/זֶּ֨רַע֙</w>
          <w lemma="b/4035" n="1.1" morph="HRd/Ncfsa" id="37uHZ">בַּ/מְּגוּרָ֔ה</w>
          <w lemma="c/5704" morph="HC/R" id="37pAL">וְ/עַד</w><seg type="x-maqqef">־</seg><w lemma="d/1612" morph="HTd/Ncbsa" id="37hSr">הַ/גֶּ֨פֶן</w>
          <w lemma="c/d/8384" morph="HC/Td/Ncfsa" id="37ZMk">וְ/הַ/תְּאֵנָ֧ה</w>
          <w lemma="c/d/7416" n="1.0.0" morph="HC/Td/Ncmsa" id="37irW">וְ/הָ/רִמּ֛וֹן</w>
          <w lemma="c/6086" morph="HC/Ncmsc" id="37x72">וְ/עֵ֥ץ</w>
          <w lemma="d/2132" n="1.0" morph="HTd/Ncmsa" id="37FYV">הַ/זַּ֖יִת</w>
          <w lemma="3808" morph="HTn" id="37Uoo">לֹ֣א</w>
          <w lemma="5375" n="1" morph="HVqp3ms" id="37sC3">נָשָׂ֑א</w>
          <w lemma="4480 a" morph="HR" id="374CS">מִן</w><seg type="x-maqqef">־</seg><w lemma="d/3117" morph="HTd/Ncmsa" id="376n2">הַ/יּ֥וֹם</w>
          <w lemma="d/2088" n="0.0" morph="HTd/Pdxms" id="37HqY">הַ/זֶּ֖ה</w>
          <w lemma="1288" n="0" morph="HVpi1cs" id="37BFZ">אֲבָרֵֽךְ</w><seg type="x-sof-pasuq">׃</seg>
          <seg type="x-samekh">ס</seg>
        </verse>
        <verse osisID="Hag.2.20">
          <w lemma="c/1961" morph="HC/Vqw3ms" id="37shy">וַ/יְהִ֨י</w>
          <w lemma="1697" morph="HNcmsc" id="37nzj">דְבַר</w><seg type="x-maqqef">־</seg><w lemma="3068" morph="HNp" id="37vpT">יְהוָ֤ה</w>
          <seg type="x-paseq">׀</seg>
          <w lemma="8145" n="0.1.0" morph="HAofsa" id="373Sx">שֵׁנִית֙</w>
          <w lemma="413" morph="HR" id="37qVv">אֶל</w><seg type="x-maqqef">־</seg><w lemma="2292 a" n="0.1" morph="HNp" id="37Kov">חַגַּ֔י</w>
          <w lemma="b/6242" morph="HR/Acbpa" id="37HNy">בְּ/עֶשְׂרִ֧ים</w>
          <w lemma="c/702" n="0.0.0" morph="HC/Acmsa" id="37Ta6">וְ/אַרְבָּעָ֛ה</w>
          <w lemma="l/2320" n="0.0" morph="HRd/Ncmsa" id="37ER2">לַ/חֹ֖דֶשׁ</w>
          <w lemma="l/559" n="0" morph="HR/Vqc" id="37yP1">לֵ/אמֹֽר</w><seg type="x-sof-pasuq">׃</seg>
        </verse>
        <verse osisID="Hag.2.21">
          <w lemma="559" n="1.1" morph="HVqv2ms" id="37w4T">אֱמֹ֕ר</w>
          <w lemma="413" morph="HR" id="37Cyx">אֶל</w><seg type="x-maqqef">־</seg><w lemma="2216" morph="HNp" id="37qTT">זְרֻבָּבֶ֥ל</w>
          <w lemma="6346" morph="HNcmsc" id="37m55">פַּֽחַת</w><seg type="x-maqqef">־</seg><w lemma="3063" n="1.0" morph="HNp" id="37AF1">יְהוּדָ֖ה</w>
          <w lemma="l/559" n="1" morph="HR/Vqc" id="375ED">לֵ/אמֹ֑ר</w>
          <w lemma="589" morph="HPp1cs" id="37zCS">אֲנִ֣י</w>
          <w lemma="7493" n="0.1" morph="HVhrmsa" id="37LsC">מַרְעִ֔ישׁ</w>
          <w lemma="853" morph="HTo" id="37B4x">אֶת</w><seg type="x-maqqef">־</seg><w lemma="d/8064" n="0.0" morph="HTd/Ncmpa" id="37JB6">הַ/שָּׁמַ֖יִם</w>
          <w lemma="c/853" morph="HC/To" id="37LzS">וְ/אֶת</w><seg type="x-maqqef">־</seg><w lemma="d/776" n="0" morph="HTd/Ncbsa" id="3783E">הָ/אָֽרֶץ</w><seg type="x-sof-pasuq">׃</seg>
        </verse>
        <verse osisID="Hag.2.22">
          <w lemma="c/2015" n="1.2.0" morph="HC/Vqq1cs" id="37hQD">וְ/הָֽפַכְתִּי֙</w>
          <w lemma="3678" morph="HNcmsc" id="37LZD">כִּסֵּ֣א</w>
          <w lemma="4467" n="1.2" morph="HNcfpa" id="376bH">מַמְלָכ֔וֹת</w>
          <w lemma="c/8045" n="1.1" morph="HC/Vhq1cs" id="37Ekx">וְ/הִ֨שְׁמַדְתִּ֔י</w>
          <w lemma="2392" n="1.0" morph="HNcmsc" id="37PG7">חֹ֖זֶק</w>
          <w lemma="4467" morph="HNcfpc" id="37EL8">מַמְלְכ֣וֹת</w>
          <w lemma="d/1471 a" n="1" morph="HTd/Ncmpa" id="37ufm">הַ/גּוֹיִ֑ם</w>
          <w lemma="c/2015" morph="HC/Vqq1cs" id="37XSi">וְ/הָפַכְתִּ֤י</w>
          <w lemma="4818" n="0.2.0" morph="HNcfsa" id="37ELV">מֶרְכָּבָה֙</w>
          <w lemma="c/7392" n="0.2" morph="HC/Vqrmpc/Sp3fs" id="37Y6w">וְ/רֹ֣כְבֶ֔י/הָ</w>
          <w lemma="c/3381" morph="HC/Vqq3cp" id="37qLR">וְ/יָרְד֤וּ</w>
          <w lemma="5483 b" n="0.1.0" morph="HNcmpa" id="37vfq">סוּסִים֙</w>
          <w lemma="c/7392" n="0.1" morph="HC/Vqrmpc/Sp3mp" id="37Qsx">וְ/רֹ֣כְבֵי/הֶ֔ם</w>
          <w lemma="376" n="0.0" morph="HNcmsa" id="378KZ">אִ֖ישׁ</w>
          <w lemma="b/2719" morph="HR/Ncfsc" id="37GXq">בְּ/חֶ֥רֶב</w>
          <w lemma="251" n="0" morph="HNcmsc/Sp3ms" id="37iCi">אָחִֽי/ו</w><seg type="x-sof-pasuq">׃</seg>
        </verse>
        <verse osisID="Hag.2.23">
          <w lemma="b/3117" morph="HRd/Ncmsa" id="37vwH">בַּ/יּ֣וֹם</w>
          <w lemma="d/1931" morph="HTd/Pp3ms" id="37dbM">הַ/ה֣וּא</w>
          <w lemma="5002" morph="HNcmsc" id="37Dqb">נְאֻם</w><seg type="x-maqqef">־</seg><w lemma="3068" morph="HNp" id="37kCD">יְהוָ֣ה</w>
          <w lemma="6635 b" n="1.1.0.1" morph="HNcbpa" id="37XgW">צְבָא֡וֹת</w>
          <w lemma="3947" n="1.1.0.0" morph="HVqi1cs/Sp2ms" id="376PV">אֶ֠קָּחֲ/ךָ</w>
          <w lemma="2216" morph="HNp" id="37qGs">זְרֻבָּבֶ֨ל</w>
          <w lemma="1121 a" morph="HNcmsc" id="37w7p">בֶּן</w><seg type="x-maqqef">־</seg><w lemma="7597 a" morph="HNp" id="37k7H">שְׁאַלְתִּיאֵ֤ל</w>
          <w lemma="5650" n="1.1.0" morph="HNcmsc/Sp1cs" id="37r6F">עַבְדִּ/י֙</w>
          <w lemma="5002" morph="HNcmsc" id="37Ugz">נְאֻם</w><seg type="x-maqqef">־</seg><w lemma="3068" n="1.1" morph="HNp" id="37Mjg">יְהוָ֔ה</w>
          <w lemma="c/7760 a" n="1.0" morph="HC/Vqp1cs/Sp2ms" id="37mdR">וְ/שַׂמְתִּ֖י/ךָ</w>
          <w lemma="k/2368" n="1" morph="HRd/Ncmsa" id="37eWA">כַּֽ/חוֹתָ֑ם</w>
          <w lemma="3588 a" morph="HC" id="37CqN">כִּֽי</w><seg type="x-maqqef">־</seg><w lemma="b" morph="HR/Sp2ms" id="37Cpt">בְ/ךָ֣</w>
          <w lemma="977" n="0.1" morph="HVqp1cs" id="37aSi">בָחַ֔רְתִּי</w>
          <w lemma="5002" n="0.0" morph="HNcmsc" id="377VU">נְאֻ֖ם</w>
          <w lemma="3068" morph="HNp" id="37eK3">יְהוָ֥ה</w>
          <w lemma="6635 b" n="0" morph="HNcbpa" id="37c63">צְבָאֽוֹת</w><seg type="x-sof-pasuq">׃</seg>
        </verse>
      </chapter>
    </div>
  </osisText>
</osis>